Nom de la société;Symbole;1 semaine;2 mois;6 mois;1 an;3 ans;5 ans
Neupath Health Inc.;NPTH;0.00%;0.00%;0.00%;100.00%;-88.00%;5900.00%
Encore Energy Corp.;EU;2.72%;-0.95%;8.36%;59.62%;26.91%;1283.33%
Datable Technology Corporation;DAC;-2.12%;21.74%;25.45%;35.45%;23.59%;933.91%
Sigma Lithium Corporation;SGML;-9.79%;-9.53%;-61.32%;-68.74%;161.19%;929.41%
Western Metallica Resources Corp.;WMS;4.21%;13.15%;30.02%;57.61%;65.47%;467.69%
Orosur Mining Inc.;OMI;1.06%;-29.47%;-15.48%;-9.77%;-61.97%;458.50%
Sitka Gold Corp.;SIG;-15.85%;-8.86%;-11.43%;45.66%;20.86%;417.53%
Sierra Madre Gold and Silver Ltd.;SM;-2.82%;-2.72%;25.38%;69.77%;109.80%;302.71%
Entourage Health Corp.;ENTG;-0.01%;11.04%;19.14%;28.32%;16.86%;264.27%
Olive Resource Capital Inc.;OC;-1.15%;9.04%;21.57%;43.70%;86.43%;248.92%
Nortec Minerals Corp.;NVT;-1.87%;12.07%;38.18%;67.14%;160.23%;228.37%
Callinex Mines Inc.;CNX;-8.26%;-0.87%;19.63%;39.22%;75.02%;228.16%
Mammoth Resources Corp.;MTH;-3.57%;7.85%;-4.24%;23.42%;71.81%;222.98%
Stinger Resources Inc.;STNG;0.80%;15.62%;31.07%;81.01%;270.41%;209.74%
Marvel Biosciences Corp.;MRVL;-0.30%;16.32%;27.11%;20.24%;33.42%;205.13%
Tethys Petroleum Limited;TPL;-1.23%;31.05%;42.73%;73.59%;44.54%;200.66%
Cielo Waste Solutions Corp.;CMC;-1.07%;-7.91%;4.27%;7.45%;66.96%;196.90%
Canada Carbon Inc.;CCB;0.38%;12.56%;-0.05%;13.46%;45.46%;187.99%
Tinka Resources Limited;TK;-6.57%;20.08%;17.16%;44.74%;126.37%;186.14%
Barksdale Resources Corp.;BRO;2.14%;12.01%;32.64%;39.91%;76.15%;180.88%
Camino Minerals Corporation;COR;3.07%;0.15%;18.72%;28.57%;103.40%;180.84%
Fintech Select Ltd.;FTEC;2.89%;21.40%;23.72%;35.74%;53.20%;180.28%
Beacn Wizardry & Magic Inc.;BECN;-5.32%;0.77%;12.04%;20.22%;81.14%;180.09%
Midwest Energy Emissions Corp.;MEEC;-11.69%;-12.82%;-27.66%;112.50%;-37.61%;172.00%
Inspire Semiconductor Holdings Inc.;INSP;-3.05%;-27.90%;-12.01%;-48.14%;-13.98%;171.90%
TDG Gold Corp.;TDG;1.31%;11.54%;36.45%;63.04%;99.65%;169.26%
Oracle Commodity Holding Corp.;ORCL;3.03%;26.29%;38.88%;18.52%;85.46%;157.73%
Alturas Minerals Corp;ALT;-7.37%;-20.88%;-25.94%;44.85%;-62.21%;156.96%
NowVertical Group Inc.;NOW;1.20%;1.14%;5.24%;30.51%;36.54%;155.54%
Pender Growth Fund Inc.;PTF;3.38%;20.06%;24.50%;32.54%;30.39%;151.96%
Metallis Resources Inc.;MTS;3.25%;22.74%;30.28%;44.11%;67.38%;142.23%
Decisive Dividend Corporation;DE;3.42%;-4.22%;-1.16%;-6.18%;13.28%;132.99%
Falcon Gold Corp.;FG;-2.77%;1.72%;-17.90%;76.54%;125.97%;125.97%
Altai Resources Inc;ATI;-5.46%;10.93%;23.85%;36.77%;155.44%;123.57%
Decibel Cannabis Company Inc.;DB;-2.29%;-2.77%;18.72%;54.80%;19.80%;119.92%
Coast Copper Corp.;COCO;-5.87%;25.78%;11.70%;4.20%;114.72%;114.72%
Standard Lithium Ltd.;SLI;-12.50%;15.60%;-34.72%;-71.36%;-65.76%;109.30%
EarthLabs Inc.;SPOT;-1.77%;13.83%;64.22%;97.62%;26.18%;108.95%
Silver Valley Metals Corp.;SILV;-1.59%;7.61%;24.77%;37.07%;-9.84%;103.02%
Clean Air Metals Inc.;AIR;5.30%;6.74%;-0.39%;27.86%;74.91%;102.17%
Discovery Harbour Resources Corp.;DHR;-2.68%;9.08%;13.54%;22.77%;10.62%;102.10%
Millennial Potash Corp.;MLP;-2.69%;0.30%;33.22%;41.85%;86.96%;99.10%
Thiogenesis Therapeutics, Corp.;TTI;-8.05%;-27.60%;-30.13%;13.48%;-20.20%;98.76%
Kestrel Gold Inc.;KGC;0.40%;16.07%;24.96%;61.85%;15.54%;98.15%
Petrox Resources Corp.;PTC;-2.22%;-3.09%;2.28%;22.08%;28.50%;94.74%
Abacus Mining & Exploration Corporation;AME;-1.62%;-3.91%;5.61%;10.02%;27.80%;94.74%
Orex Minerals Inc.;REX;-2.71%;-19.51%;-2.92%;34.91%;39.05%;94.66%
Silver X Mining Corp.;AGX;1.35%;25.89%;67.06%;93.81%;68.11%;93.56%
Rathdowney Resources Ltd.;RTH;1.38%;3.78%;11.91%;21.59%;20.81%;89.67%
Vicinity Motor Corp.;VMC;2.61%;0.44%;15.57%;22.49%;51.30%;89.45%
Kenorland Minerals Ltd.;KLD;1.44%;9.48%;14.46%;22.11%;20.63%;85.20%
Reco International Group Inc.;RGI;-0.17%;0.77%;8.99%;16.78%;24.29%;83.36%
HIVE Digital Technologies Ltd.;HIVE;10.74%;12.24%;-20.67%;-8.33%;-72.38%;83.33%
Mas Gold Corp.;MAS;0.59%;-3.65%;3.51%;23.89%;18.45%;82.13%
Big Tree Carbon Inc.;BIGT;1.44%;21.85%;35.07%;50.84%;81.47%;81.47%
Pool Safe Inc.;POOL;-2.55%;-7.65%;-13.50%;-4.42%;-25.39%;80.73%
Rockridge Resources Ltd.;ROCK;-0.76%;-1.89%;-10.51%;20.07%;-5.26%;79.82%
Northern Lion Gold Corp.;NL;-5.17%;-13.95%;21.77%;14.58%;-11.53%;78.38%
HPQ Silicon Inc.;HPQ;1.24%;32.67%;23.36%;21.85%;25.81%;77.54%
Richmond Minerals Inc.;RMD;0.65%;17.70%;22.02%;-2.09%;-11.38%;76.79%
Lodestar Battery Metals Corp.;LSTR;-1.04%;5.58%;-6.64%;-1.99%;14.48%;73.29%
Whitemud Resources Inc;WMK;-0.95%;-0.50%;-3.74%;-4.48%;16.46%;71.21%
Darelle Online Solutions Inc.;DAR;-5.81%;-19.54%;-29.26%;-42.90%;-45.96%;70.88%
Fortune Bay Corp.;FOR;-3.21%;0.67%;-7.84%;52.06%;49.10%;69.55%
Nio Strategic Metals Inc.;NIO;-0.45%;10.75%;-44.07%;-52.62%;-90.48%;67.80%
European Electric Metals Inc.;EVX;0.25%;4.76%;12.66%;10.25%;21.07%;67.10%
Arch Biopartners Inc.;ARCH;-1.32%;-2.99%;-3.39%;35.88%;187.48%;66.71%
Kingman Minerals Ltd.;KGS;0.11%;-5.01%;34.14%;66.69%;66.69%;66.69%
Emergent Metals Corp.;EMR;0.17%;0.05%;14.81%;25.24%;14.48%;65.60%
California Nanotechnologies Corp;CNO;-0.37%;2.84%;-1.13%;20.00%;16.85%;65.33%
CopperCorp Resources Inc.;CPER;-0.72%;-1.53%;15.53%;15.57%;7.91%;64.47%
Visionstate Corp.;VIS;-0.13%;1.77%;10.26%;18.92%;22.08%;64.34%
Tenth Avenue Petroleum Corp.;TPC;9.36%;60.72%;154.75%;234.31%;55.55%;64.12%
Intrepid Metals Corp.;INTR;0.53%;9.40%;7.14%;70.66%;63.79%;63.79%
GoldON Resources Ltd.;GLD;0.35%;-0.05%;14.55%;19.87%;29.06%;63.26%
Rhyolite Resources Ltd;RYE;-1.28%;-5.64%;6.16%;18.83%;72.85%;62.40%
Alvopetro Energy Ltd.;ALV;-4.47%;-7.23%;3.09%;28.02%;10.88%;61.66%
RT Minerals Corp.;RTM;-1.15%;1.07%;5.28%;10.52%;6.63%;61.31%
C-COM Satellite Systems Inc.;CMI;0.58%;-5.72%;13.83%;17.44%;16.07%;61.09%
ROK Resources Inc.;ROK;-0.71%;-4.81%;-14.25%;-17.46%;-7.14%;59.97%
Fjordland Exploration Inc.;FEX;0.18%;2.86%;9.23%;18.01%;15.22%;59.45%
UGE International Ltd.;UGE;2.35%;5.36%;18.87%;5.98%;-16.84%;58.11%
G6 Materials Corp.;GGG;-1.06%;-9.06%;-5.58%;-4.51%;10.39%;57.89%
Argentina Lithium & Energy Corp.;LIT;-2.72%;-2.67%;-14.93%;-36.95%;-40.06%;57.79%
Metalex Ventures Ltd;MTX;-0.05%;18.32%;24.79%;49.60%;6.63%;57.53%
Murchison Minerals Ltd.;MUR;-3.69%;-15.64%;-9.78%;1.89%;55.84%;55.84%
Trigon Metals Inc.;TM;-5.60%;-15.70%;7.89%;23.54%;8.53%;55.52%
Aurora Solar Technologies Inc.;ACU;-1.68%;-13.96%;-19.88%;40.48%;-20.98%;53.16%
Evergold Corp.;EVER;-8.35%;3.13%;58.72%;173.00%;-43.89%;50.83%
EMX Royalty Corporation;EMX;-3.21%;-6.22%;13.12%;2.26%;-39.87%;49.59%
Starr Peak Mining Ltd.;STE;-4.14%;7.77%;0.72%;1.36%;7.52%;49.39%
The Limestone Boat Company Limited;BOAT;-0.40%;17.24%;18.97%;29.34%;48.56%;48.56%
Battery Mineral Resources Corp.;BMR;3.63%;5.86%;363.25%;84.98%;48.49%;48.49%
Defiance Silver Corp.;DEF;0.86%;5.56%;11.17%;15.74%;20.11%;48.45%
Maple Gold Mines Ltd.;MGM;0.15%;-4.48%;-6.81%;-5.88%;-3.71%;46.32%
Valore Metals Corp.;VO;-0.04%;3.03%;6.72%;13.07%;4.06%;45.91%
Margaret Lake Diamonds Inc.;DIA;0.37%;1.77%;4.95%;14.30%;14.87%;45.69%
White Gold Corp.;WGO;-2.83%;-10.96%;-20.08%;-11.65%;-12.78%;45.42%
OneSoft Solutions Inc.;OSS;3.14%;-5.73%;37.70%;-17.03%;-53.12%;43.72%
Metalore Resources Limited;MET;1.22%;-2.92%;7.11%;28.14%;17.06%;42.83%
Blackrock Silver Corp.;BRC;-0.11%;13.45%;13.82%;34.88%;17.35%;39.17%
Bitcoin Well Inc.;BTCW;-4.82%;-3.50%;38.45%;38.45%;38.45%;38.45%
First Andes Silver Ltd.;FAS;2.86%;0.00%;29.00%;64.62%;-1.68%;38.27%
Contagious Gaming Inc.;CNS;-1.65%;2.12%;-2.63%;17.70%;-11.01%;38.22%
M3 Metals Corp.;MT;-1.36%;-7.44%;-15.58%;-12.20%;-18.13%;37.85%
East West Petroleum Corp;EW;0.85%;1.79%;19.43%;-3.69%;-13.92%;37.43%
Mayfair Gold Corp.;MFG;-3.49%;-1.28%;18.35%;32.08%;31.19%;36.75%
Tiny Ltd.;TINY;1.15%;21.02%;33.82%;36.73%;36.41%;36.41%
ESE Entertainment Inc.;ESE;-3.08%;2.77%;-8.05%;5.72%;14.48%;36.39%
Aurion Resources Ltd;AU;-1.93%;3.72%;24.59%;-1.47%;19.82%;33.78%
Goldex Resources Corporation;GDX;-0.88%;3.60%;9.49%;11.81%;-3.08%;33.68%
FTI Foodtech International Inc.;FTI;-1.12%;-2.92%;22.10%;62.00%;163.25%;33.26%
Equity Metals Corporation;EQTY;-0.05%;3.03%;9.96%;19.19%;32.11%;32.11%
Silver Predator Corp.;SPD;1.10%;9.20%;14.49%;20.08%;9.17%;31.57%
Euro Manganese Inc.;EMN;-4.71%;2.00%;12.50%;23.35%;-16.83%;29.90%
Eco (Atlantic) Oil & Gas Ltd.;EOG;-1.18%;-10.75%;-1.59%;8.31%;40.60%;29.37%
Aben Minerals Ltd.;ABM;-1.09%;14.04%;11.67%;22.43%;11.26%;28.61%
Decklar Resources Inc.;DKL;0.72%;1.13%;-9.73%;-30.79%;-5.59%;27.93%
FPX Nickel Corp.;FPX;-0.72%;3.51%;6.33%;14.75%;-19.35%;27.10%
American Creek Resources Ltd.;AMK;-0.29%;-3.33%;18.73%;20.23%;28.62%;26.81%
VVC Exploration Corporation;VVC;66.67%;0.00%;-16.67%;0.00%;-58.33%;25.00%
Therma Bright Inc.;THRM;-3.51%;2.59%;0.33%;-10.25%;-26.40%;24.38%
First Atlantic Nickel Corp.;FAN;-2.22%;11.40%;5.23%;-6.07%;-21.88%;24.15%
ARCpoint Inc.;ARC;-2.59%;-0.75%;-12.04%;-12.91%;19.55%;24.06%
Cematrix Corporation;CVX;-0.58%;-5.31%;2.05%;-0.23%;44.58%;22.73%
Gladiator Metals Corp.;GLAD;-0.96%;6.60%;8.49%;17.39%;-0.75%;22.08%
Perimeter Medical Imaging AI, Inc.;PINK;-0.56%;4.64%;15.62%;14.71%;21.38%;21.38%
Green Rise Foods Inc.;GRF;0.54%;-0.74%;-3.41%;7.47%;2.86%;20.65%
Innovotech Inc.;IOT;0.68%;-5.55%;-10.60%;5.00%;19.88%;19.88%
Kingsmen Resources Ltd.;KNG;0.24%;-1.63%;0.27%;-2.48%;-4.25%;18.59%
Canada Nickel Company Inc.;CNC;-1.95%;-12.16%;-8.06%;0.71%;-8.01%;17.78%
Advent-AWI Holdings Inc.;AWI;-0.27%;-0.20%;17.55%;62.44%;8.14%;16.97%
Macarthur Minerals Limited;MMS;-1.07%;7.27%;5.93%;1.78%;-5.33%;16.58%
Lithium Energi Exploration Inc.;LEXI;0.59%;7.29%;11.20%;19.05%;16.51%;16.51%
Minnova Corp.;MCI;3.42%;2.90%;2.84%;20.24%;18.98%;16.15%
Bessor Minerals Inc.;BST;0.72%;12.72%;11.52%;11.72%;-32.48%;15.86%
Scandium Canada Ltd.;SCD;-0.32%;5.11%;14.46%;22.73%;6.19%;15.40%
ALX Resources Corp.;AL;0.43%;-6.52%;14.26%;13.09%;5.15%;15.02%
Giyani Metals Corp.;EMM;2.40%;9.72%;12.87%;10.91%;14.46%;14.46%
Arbor Metals Corp.;ABR;2.05%;9.40%;-9.88%;3.87%;-22.27%;13.77%
Onyx Gold Corp.;ONYX;-1.40%;1.08%;2.18%;5.14%;13.65%;13.65%
Galantas Gold Corporation;GAL;0.11%;4.46%;7.24%;9.99%;-4.97%;13.14%
Generation Uranium Inc.;GEN;-5.34%;14.98%;3.38%;26.80%;-13.92%;13.05%
Katipult Technology Corp.;FUND;-3.02%;-4.28%;-6.46%;-6.58%;-12.14%;12.84%
Solar Alliance Energy Inc.;SOLR;-3.77%;8.31%;3.37%;-9.30%;-9.85%;11.89%
Telo Genomics Corp.;TELO;1.27%;-0.45%;11.60%;11.60%;11.60%;11.60%
Amex Exploration Inc.;AMX;0.83%;-8.18%;-7.73%;-22.57%;9.99%;11.59%
Ostrom Climate Solutions Inc.;COO;-3.32%;1.80%;1.75%;-0.67%;-5.85%;11.48%
American Lithium Corp.;LI;-3.27%;-26.33%;-44.71%;-45.61%;-39.06%;11.48%
Great Pacific Gold Corp.;GPAC;-2.75%;-0.53%;2.53%;7.70%;15.73%;11.37%
Granada Gold Mine Inc.;GGM;-0.24%;5.12%;5.06%;11.14%;11.14%;11.14%
Cascadero Copper Corporation;CCD;-3.50%;3.62%;12.62%;-3.17%;-27.85%;11.05%
Amarc Resources Ltd.;AHR;-1.41%;10.72%;10.97%;10.97%;10.97%;10.97%
Rio2 Limited;RIO;-1.22%;-1.40%;-8.56%;0.50%;-19.28%;9.94%
Sonoro Energy Ltd.;SNV;-0.93%;4.20%;-0.16%;20.71%;-16.64%;9.87%
Bluestone Resources Inc.;BSR;0.00%;3.99%;5.85%;6.47%;9.80%;9.80%
Solstice Gold Corp.;SGC;-7.49%;13.28%;38.93%;122.72%;-21.60%;9.56%
Turmalina Metals Corp.;TBX;-0.74%;-2.31%;3.76%;3.10%;19.92%;9.12%
Signature Resources Ltd.;SGU;-1.91%;2.86%;-13.54%;-23.26%;-4.85%;8.88%
Santacruz Silver Mining Ltd.;SCZ;-1.49%;1.65%;3.18%;4.39%;-16.46%;8.86%
Principal Technologies Inc.;PTEC;-2.77%;4.79%;2.79%;8.40%;8.40%;8.40%
SPC Nickel Corp.;SPC;-0.19%;0.49%;-1.60%;1.17%;7.79%;7.79%
Canalaska Uranium Ltd.;CVV;-3.61%;-8.47%;-18.03%;-46.45%;-5.88%;7.24%
Highland Copper Company Inc.;HI;-3.92%;-13.23%;-9.11%;-19.63%;-2.68%;7.11%
MedMira Inc.;MIR;4.42%;-3.97%;4.72%;28.97%;4.52%;6.93%
Moon River Moly Ltd.;MOO;-1.16%;-2.27%;-5.35%;-14.09%;-22.54%;6.54%
Saville Resources Inc.;SRE;-0.73%;5.58%;2.68%;1.88%;8.48%;6.49%
Centaurus Energy Inc.;CTA;-0.64%;-2.86%;4.50%;3.97%;4.77%;4.77%
Black Swan Graphene Inc.;SWAN;1.62%;10.01%;8.81%;11.11%;-14.62%;4.67%
ExGen Resources Inc.;EXG;0.72%;8.61%;9.74%;5.49%;-16.34%;4.58%
Pearl River Holdings Limited;PRH;0.73%;3.20%;2.75%;3.86%;3.90%;3.90%
Lithium Ionic Corp.;LTH;2.11%;30.35%;24.27%;-4.22%;3.55%;3.55%
Sparta Capital Ltd.;SAY;0.04%;-1.03%;-0.56%;0.12%;1.09%;1.09%
Earthworks Industries Inc.;EWK;-2.08%;-0.70%;0.94%;2.57%;-18.26%;0.82%
Freeport Resources Inc.;FRI;0.82%;6.16%;-1.38%;4.35%;-10.24%;0.71%
Quorum Information Technologies Inc.;QIS;-0.51%;-0.69%;-1.61%;0.40%;0.40%;0.40%
South Pacific Metals Corp.;SPMC;0.35%;0.35%;0.35%;0.35%;0.35%;0.35%
Clip Money Inc.;CLIP;0.11%;-0.05%;-0.02%;0.23%;0.23%;0.23%
Tombill Mines Limited;TBLL;0.11%;0.41%;0.55%;0.44%;0.10%;0.02%
Colibri Resource Corporation;CBI;0.00%;-28.57%;25.00%;-28.57%;-66.67%;0.00%
Green Battery Minerals Inc.;GEM;1.79%;7.05%;10.79%;8.17%;-18.78%;0.00%
Composite Alliance Group Inc.;CAG;-0.17%;-7.81%;1.09%;-16.27%;-20.01%;-0.17%
TRU Precious Metals Corp.;TRU;-5.84%;5.50%;7.88%;-4.68%;-35.17%;-0.28%
New Found Gold Corp.;NFG;-1.68%;1.51%;8.96%;6.63%;3.62%;-0.40%
Valleyview Resources Ltd.;VVR;-0.69%;0.70%;4.89%;14.40%;-2.05%;-0.69%
Jade Leader Corp.;JADE;1.75%;-1.32%;-1.32%;-1.32%;-1.32%;-1.32%
Eminent Gold Corp.;EMNT;0.10%;0.05%;0.36%;0.84%;-2.06%;-1.45%
BuildDirect.Com Technologies Inc.;BILD;-1.60%;1.14%;-2.70%;-1.50%;-1.50%;-1.50%
Bonterra Resources Inc.;BTR;-0.07%;3.76%;5.75%;-1.27%;-1.58%;-1.58%
ReGen III Corp.;GIII;5.50%;-1.44%;-17.77%;36.52%;-14.22%;-1.61%
Torr Metals Inc.;TMET;-1.95%;-1.95%;-1.95%;-1.95%;-1.95%;-1.95%
Asian Television Network International Ltd.;SAT;-0.50%;0.25%;1.05%;4.02%;-2.39%;-2.39%
Highgold Mining Inc.;HIGH;0.06%;0.43%;-0.75%;-2.74%;-2.45%;-2.45%
Northern Superior Resources Inc.;SUP;-4.02%;-10.93%;15.17%;-5.11%;-62.39%;-2.62%
Aurum Lake Mining Corporation.;ARL;-6.71%;-12.09%;-26.18%;-38.55%;21.90%;-3.18%
Atlas Engineered Products Ltd.;AEP;-0.47%;3.12%;9.00%;3.56%;5.24%;-4.37%
Esstra Industries Inc.;ESS;4.84%;18.63%;18.37%;21.52%;-7.65%;-5.13%
Arcwest Exploration Inc.;AWX;-5.53%;2.78%;3.26%;-1.77%;-48.25%;-5.53%
BTU Metals Corp.;BTU;-2.22%;-5.94%;-6.10%;5.98%;213.67%;-5.54%
Emerita Resources Corp.;EMO;0.31%;4.67%;27.54%;45.49%;79.52%;-6.58%
Providence Gold Mines Inc.;PHD;-1.51%;1.77%;6.20%;14.94%;-16.85%;-6.86%
New Tymbal Resources Ltd.;NTB;-0.80%;5.81%;4.37%;21.94%;-7.98%;-7.01%
Thunder Mountain Gold, Inc.;THM;0.00%;-18.46%;0.00%;26.19%;-48.04%;-7.02%
MustGrow Biologics Corp.;MGRO;-0.50%;-0.58%;-7.59%;-7.59%;-7.59%;-7.59%
Imperial Equities Inc.;IEI;0.49%;1.93%;-0.87%;-0.03%;-11.11%;-7.66%
Electric Metals (USA) Limited;EML;-10.78%;-22.47%;14.88%;31.07%;-24.27%;-7.74%
Adamera Minerals Corp.;ADZ;0.00%;0.00%;0.00%;0.00%;0.00%;-7.89%
Dixie Gold Inc.;DG;1.33%;-11.38%;-1.80%;-23.27%;-40.84%;-8.78%
Sabio Holdings Inc.;SBIO;-5.48%;2.31%;7.17%;-1.08%;-34.02%;-9.27%
Metalla Royalty & Streaming Ltd.;MTA;-4.62%;-3.67%;-5.56%;-31.68%;-69.80%;-9.57%
Bitterroot Resources Ltd.;BTT;-0.39%;0.73%;-0.39%;-0.63%;-21.04%;-10.53%
Superior Mining International Corporation;SUI;-0.34%;-1.89%;-11.75%;-13.11%;-34.13%;-10.63%
Aurora Spine Corporation;ASG;-0.76%;2.76%;-0.38%;-2.98%;-40.73%;-10.79%
Oculus VisionTech Inc.;OVT;0.32%;3.51%;1.41%;2.45%;-11.94%;-11.25%
MTB Metals Corp.;MTB;2.21%;0.78%;9.60%;20.15%;-0.56%;-11.29%
Regulus Resources Inc.;REG;0.91%;3.29%;-6.68%;0.82%;-6.55%;-12.03%
Nicola Mining Inc.;NIM;0.56%;1.24%;2.27%;1.01%;-16.88%;-12.95%
Auric Resources Corp.;RES;-6.14%;-23.14%;-16.53%;-11.83%;7.01%;-13.09%
Tres-Or Resources Ltd.;TRS;-1.27%;-0.54%;-0.46%;-2.57%;-16.29%;-13.42%
Troubadour Resources Inc.;TR;-0.97%;-6.43%;-10.61%;-21.24%;-5.46%;-13.59%
Namibia Critical Metals Inc.;NMI;1.90%;5.23%;6.28%;4.55%;-17.45%;-14.07%
Pacific Ridge Exploration Ltd.;PEX;-1.29%;2.22%;8.08%;6.05%;-21.05%;-14.15%
Decade Resources Ltd.;DEC;-7.68%;0.14%;-9.08%;-15.37%;-15.37%;-15.37%
Gabo Mining Ltd.;GAB;-4.21%;-1.13%;5.02%;-6.27%;-23.98%;-15.65%
Fidelity Minerals Corp.;FMN;0.80%;3.92%;4.68%;8.15%;-25.52%;-16.59%
Backstageplay Inc.;BP;-0.48%;-9.05%;1.06%;0.91%;31.37%;-16.63%
Elysee Development Corp.;ELC;0.00%;3.45%;-11.76%;-33.33%;-57.14%;-16.67%
Kootenay Silver Inc.;KTN;-0.26%;1.01%;-2.27%;-0.37%;-16.99%;-16.96%
Fountain Asset Corp.;FA;-3.80%;4.52%;0.87%;14.00%;-17.77%;-17.77%
Western Exploration Inc.;WEX;-4.47%;-26.55%;-10.80%;-3.26%;-15.55%;-17.89%
Odd Burger Corporation;ODD;-7.90%;19.11%;-16.88%;-18.03%;-18.03%;-18.03%
Vatic Ventures Corp;VCV;0.97%;7.80%;5.93%;7.80%;-24.49%;-19.31%
High Tide Inc.;HITI;-4.18%;17.21%;64.71%;101.60%;-66.31%;-20.00%
CardioComm Solutions, Inc.;EKG;-1.70%;2.23%;3.37%;-11.88%;-20.03%;-20.03%
Prosper Gold Corp.;PGX;0.35%;2.29%;1.31%;3.93%;-23.59%;-20.99%
Environmental Waste International Inc.;EWS;-0.10%;3.45%;9.41%;2.29%;-17.54%;-21.62%
Pegasus Resources Inc.;PEGA;-4.10%;-2.29%;15.70%;11.85%;-58.69%;-22.51%
Plato Gold Corp.;PGC;-1.01%;-12.37%;-25.53%;-25.53%;-33.05%;-22.57%
American Eagle Gold Corp.;AE;-8.87%;-15.68%;-8.90%;-30.07%;-12.74%;-23.11%
Vizsla Silver Corp.;VZLA;2.94%;30.60%;48.31%;47.06%;-23.31%;-23.31%
Portofino Resources Inc.;POR;-0.80%;-2.01%;-1.51%;-11.03%;-11.94%;-23.64%
Northstar Clean Technologies Inc.;ROOF;-0.26%;3.58%;-4.07%;0.16%;-27.82%;-24.74%
Klondike Silver Corp.;KS;0.00%;-25.00%;-25.00%;0.00%;-53.85%;-25.00%
Lion Copper and Gold Corp.;LEO;0.66%;4.62%;3.74%;1.33%;-30.88%;-25.12%
Atomic Minerals Corporation;ATOM;-1.28%;-29.49%;-46.00%;-56.30%;-85.00%;-25.24%
Gungnir Resources Inc.;GUG;-1.06%;3.69%;6.13%;5.23%;-25.50%;-25.50%
Ridgestone Mining Inc.;RMI;-2.39%;3.52%;3.79%;1.40%;-31.52%;-25.56%
Q2 Metals Corp.;QTWO;-4.03%;11.83%;36.10%;96.44%;-45.13%;-25.62%
Cannara Biotech Inc.;LOVE;-10.43%;6.16%;-10.71%;-8.02%;-68.68%;-25.77%
GT Resources Inc.;GT;-6.18%;-5.47%;-22.21%;-16.49%;-34.99%;-25.96%
Mineral Hill Industries Ltd.;MHI;-0.11%;5.49%;6.49%;6.11%;-29.51%;-26.47%
BCM Resources Corporation;B;2.97%;10.32%;29.03%;-2.99%;-24.16%;-26.66%
Brunswick Exploration Inc.;BRW;-2.24%;-2.24%;-9.13%;-10.53%;-25.69%;-26.79%
NexgenRx Inc.;NXG;-0.66%;4.46%;18.89%;6.59%;-17.50%;-27.02%
Volt Lithium Corp.;VLT;-1.40%;1.83%;2.23%;1.64%;-27.89%;-27.09%
Comet Industries Ltd.;CMU;1.48%;5.86%;4.26%;7.86%;-27.18%;-27.94%
Theralase Technologies Inc.;TLT;2.24%;6.28%;-4.99%;-8.44%;-33.99%;-28.03%
Alpha Exploration Ltd.;ALEX;-0.91%;1.67%;-12.72%;-11.88%;-13.96%;-28.16%
PetroFrontier Corp;PFC;-0.83%;-4.47%;-18.34%;17.04%;-31.95%;-28.43%
Nickelex Resource Corporation;NICK;0.30%;3.29%;1.54%;31.21%;-42.31%;-28.49%
Eros Resources Corp.;ERC;-1.65%;0.79%;-4.07%;-0.99%;-30.49%;-28.83%
Arianne Phosphate Inc.;DAN;-6.48%;1.87%;-12.54%;-24.21%;-46.39%;-30.08%
Minco Capital Corp.;MMM;-0.43%;8.80%;16.25%;17.81%;-38.26%;-30.48%
Precipitate Gold Corp.;PRG;-1.41%;10.35%;15.55%;8.04%;-26.94%;-31.54%
Strategic Resources Inc.;SR;-0.41%;-4.84%;-6.84%;-7.29%;-21.78%;-31.68%
Forum Energy Metals Corp.;FMC;-3.11%;-4.65%;-7.01%;-47.25%;-51.34%;-32.76%
Pelangio Exploration Inc.;PX;0.25%;7.29%;-20.92%;-29.96%;-33.03%;-33.03%
Lithium ION Energy Ltd.;ION;-4.32%;-6.30%;-8.05%;-27.29%;-33.19%;-33.19%
Churchill Resources Inc.;CRI;-2.43%;-11.98%;-15.72%;-9.72%;-38.48%;-33.92%
TomaGold Corporation;LOT;-1.52%;10.54%;-39.65%;-37.71%;-34.01%;-34.01%
Good Gamer Entertainment Inc.;GOOD;-0.07%;6.51%;8.14%;13.82%;-37.97%;-34.45%
Fairchild Gold Corp.;FAIR;-1.79%;-5.60%;2.34%;11.05%;-17.67%;-35.21%
SATO Technologies Corp.;SATO;2.58%;24.66%;23.44%;102.19%;-35.72%;-35.72%
Consolidated Lithium Metals Inc.;CLM;-1.05%;4.44%;5.03%;-7.84%;-33.69%;-35.73%
San Lorenzo Gold Corp.;SLG;3.26%;13.00%;24.77%;121.37%;-30.44%;-36.06%
Midnight Sun Mining Corp;MMA;-9.49%;-11.30%;-36.12%;-36.12%;-36.12%;-36.12%
Helius Minerals Limited;HHH;-3.45%;5.84%;-19.94%;-12.51%;-36.77%;-36.18%
Southern Empire Resources Corp.;SMP;-4.22%;-13.62%;-30.64%;-24.55%;-38.13%;-36.77%
Digihost Technology Inc.;DGHI;1.44%;0.71%;-12.42%;-14.55%;-58.77%;-38.16%
ProAm Explorations Corporation;PMX;-1.17%;2.99%;0.40%;-3.31%;-41.12%;-38.34%
Orogen Royalties Inc.;OGN;-2.35%;13.06%;54.87%;-2.54%;-30.81%;-38.80%
Ackroo Inc.;AKR;0.88%;-1.09%;2.68%;20.07%;-20.82%;-39.29%
Graphano Energy Ltd.;GEL;-3.60%;6.93%;6.84%;36.10%;17.25%;-40.20%
Tactical Resources Corp.;RARE;-16.17%;-14.35%;-17.56%;-25.35%;-60.81%;-40.22%
CloudMD Software & Services Inc.;DOC;0.41%;6.86%;0.10%;-3.47%;-42.43%;-40.43%
Frontier Lithium Inc.;FL;-1.57%;16.47%;-20.79%;-5.57%;-57.22%;-40.60%
Power Group Projects Corp.;PGP;-2.62%;2.48%;2.20%;1.09%;-32.45%;-41.17%
Outback Goldfields Corp.;OZ;-1.03%;-4.17%;-21.23%;-35.23%;-42.60%;-42.60%
Rocky Mountain Liquor Inc.;RUM;-4.13%;-10.59%;15.32%;-40.30%;-42.64%;-42.87%
Panoro Minerals Ltd.;PML;-0.81%;4.27%;1.91%;-4.36%;-41.92%;-43.00%
Ramp Metals Inc.;RAMP;-5.11%;-10.09%;-17.56%;10.25%;-30.56%;-43.02%
Arrow Exploration Corp.;AXL;-7.89%;-4.57%;-19.13%;-14.62%;-36.03%;-43.10%
Evome Medical Technologies Inc.;EVMT;-2.05%;-9.02%;0.30%;-22.09%;-44.13%;-44.13%
Canaf Investments Inc.;CAF;-0.84%;-1.99%;-1.25%;-8.31%;-47.86%;-44.50%
Benz Mining Corp.;BZ;2.61%;11.98%;29.15%;31.30%;-43.83%;-44.97%
MAX Resource Corp.;MAX;-2.66%;-10.15%;54.96%;78.67%;-59.27%;-46.11%
Pan Global Resources Inc.;PGZ;-1.38%;2.56%;7.63%;8.57%;-34.01%;-47.04%
Sirios Resources Inc.;SOI;-3.06%;-2.26%;0.73%;0.61%;-15.93%;-47.07%
Salazar Resources Limited;SRL;-4.23%;2.50%;8.60%;3.30%;-49.46%;-48.06%
Dolly Varden Silver Corporation;DV;-0.27%;-37.19%;-47.61%;-50.74%;-52.38%;-48.31%
Genius Metals Inc.;GENI;-3.19%;0.78%;-16.23%;-9.47%;-70.45%;-48.40%
Petrolympic Ltd;PCQ;0.00%;2.96%;-0.74%;-3.99%;-50.37%;-50.05%
Rome Resources Ltd.;RMR;-2.88%;-0.96%;-17.66%;-3.58%;-43.82%;-50.47%
Focus Graphite Inc.;FMS;-8.60%;-4.38%;-4.10%;-16.20%;-52.63%;-50.75%
Sparton Resources Inc.;SRI;-0.94%;3.26%;-17.17%;-11.72%;-48.01%;-50.90%
ATI Airtest Technologies Inc.;AAT;2.59%;2.40%;-3.71%;12.90%;-42.48%;-54.12%
Grey Wolf Animal Health Corp.;WOLF;-11.71%;8.60%;-37.96%;-49.57%;-71.82%;-54.51%
Nubian Resources Ltd;NBR;-7.00%;-17.11%;-25.55%;-35.96%;-48.41%;-54.51%
EverGen Infrastructure Corp.;EVGN;0.00%;1.54%;-23.26%;-9.59%;-80.98%;-55.10%
Themac Resources Group Limited;MAC;0.00%;-5.61%;-3.14%;35.87%;-16.66%;-56.14%
Central Iron Ore Limited;CIO;8.09%;9.48%;-18.33%;-6.62%;-59.78%;-58.97%
Baroyeca Gold & Silver Inc.;BGS;-10.09%;-22.12%;-20.42%;-39.49%;-74.71%;-59.94%
Relevant Gold Corp.;RGC;-14.26%;-36.49%;-58.01%;-82.60%;-61.05%;-61.05%
Aton Resources Inc.;AAN;22.92%;36.09%;-7.90%;-24.98%;-71.33%;-62.15%
Strategem Capital Corporation;SGE;-14.63%;0.72%;-12.50%;-56.79%;-62.26%;-62.26%
Blue Moon Metals Inc.;MOON;-5.12%;6.06%;-12.68%;-24.14%;-73.30%;-62.56%
Pucara Gold Ltd.;TORO;-3.99%;-5.64%;-22.38%;18.10%;-66.52%;-66.52%
Millennium Silver Corp.;MSC;-3.14%;-9.48%;5.77%;1.80%;-38.92%;-67.01%
McChip Resources Inc;MCS;0.47%;-19.73%;-26.81%;-27.36%;-50.60%;-68.65%
Midland Exploration Inc;MD;8.59%;-14.62%;-13.95%;-44.29%;-75.66%;-68.66%
Capitan Silver Corp.;CAPT;6.60%;-48.40%;-4.06%;-70.93%;-68.83%;-68.83%
Trifecta Gold Ltd.;TG;-7.72%;-25.78%;-7.36%;-20.33%;-66.48%;-70.87%
Canadian Premium Sand Inc.;CPS;-5.91%;-23.02%;-29.06%;-16.62%;-59.46%;-72.14%
Waverley Pharma Inc.;WAVE;-12.35%;-19.46%;183.81%;14.62%;-72.53%;-72.53%
Storm Exploration Inc.;STRM;-1.96%;47.06%;51.52%;-65.52%;-72.07%;-72.68%
T2 Metals Corp.;TWO;1.01%;6.09%;-7.90%;-5.64%;-59.24%;-74.33%
The Fresh Factory B.C. Ltd;FRSH;-4.35%;-33.37%;-48.64%;-28.57%;-74.55%;-74.55%
Champion Bear Resources Ltd.;CBA;-25.00%;-50.00%;-30.77%;-35.71%;-50.00%;-75.00%
Canadian Spirit Resources Inc.;SPI;-10.56%;0.63%;-44.48%;-64.74%;-93.00%;-75.10%
Lifeist Wellness Inc.;LFST;-3.29%;-9.88%;-27.63%;-42.62%;-79.65%;-75.84%
Osisko Development Corp.;ODV;-5.24%;-6.57%;-28.42%;-54.57%;-88.56%;-77.89%
AirIQ Inc;IQ;-4.12%;-8.12%;-14.10%;-25.56%;-72.56%;-78.18%
Metal Energy Corp.;MERG;0.00%;0.00%;0.00%;0.00%;0.00%;-80.08%
Destiny Media Technologies Inc.;DSY;-39.55%;-82.66%;-82.31%;-81.87%;-81.31%;-81.31%
Deveron Corp.;FARM;1.77%;-7.99%;-4.95%;1.41%;-73.91%;-82.56%
Bravo Mining Corp.;BRVO;32.86%;-62.80%;-48.04%;-82.45%;-28.46%;-82.78%
Labrador Gold Corp.;LAB;-12.02%;-19.29%;6.22%;1.99%;-64.35%;-83.06%
Trench Metals Corp.;TMC;4.96%;-9.76%;35.78%;-10.84%;-84.27%;-84.27%
Surge Copper Corp.;SURG;-9.72%;3.52%;-35.47%;-54.16%;-43.52%;-84.48%
Canterra Minerals Corporation;CTM;-9.09%;-24.05%;-21.05%;-65.45%;-85.00%;-85.00%
Hawkeye Gold & Diamond Inc.;HAWK;20.00%;0.00%;50.00%;20.00%;-85.00%;-85.00%
Scorpio Gold Corporation;SGN;-7.28%;3.32%;-57.70%;-85.49%;-85.49%;-85.49%
Sun Summit Minerals Corp.;SMN;1.33%;0.13%;-8.84%;-19.85%;-46.42%;-85.67%
Plurilock Security Inc.;PLUR;-1.22%;12.77%;28.41%;-16.91%;-81.84%;-87.39%
Canada Rare Earth Corp.;LL;-12.58%;-7.33%;-62.53%;-69.72%;-93.20%;-87.57%
EQ Inc.;EQ;-2.82%;-58.18%;-5.48%;-6.76%;-88.42%;-88.50%
SRG Mining Inc.;SRG;0.00%;-48.12%;-47.55%;-42.76%;-74.35%;-88.72%
Kutcho Copper Corp.;KC;-6.29%;-2.19%;-25.35%;-58.51%;-91.98%;-88.76%
Masivo Silver Corp.;MASS;-10.44%;-1.79%;-36.82%;-31.97%;-85.93%;-88.80%
ProStar Holdings Inc.;MAPS;7.92%;0.93%;47.70%;23.16%;-94.03%;-88.89%
Star Royalties Ltd.;STRR;-12.62%;-15.63%;-29.42%;-50.07%;-73.21%;-89.41%
Electra Battery Materials Corporation;ELBM;-7.64%;8.75%;31.82%;-59.35%;-90.22%;-91.31%
Snowline Gold Corp.;SGD;-7.39%;-37.81%;-67.73%;-91.87%;-91.87%;-91.87%
NV Gold Corporation;NVX;-5.00%;-24.50%;-9.52%;-42.81%;-92.31%;-92.31%
NTG Clarity Networks Inc.;NCI;11.79%;-92.32%;-92.32%;-92.32%;-92.32%;-92.32%
Hercules Silver Corp.;BIG;-21.01%;-48.35%;-73.14%;-73.89%;-97.12%;-93.51%
Proton Capital Corp.;PTN;5.08%;20.35%;-16.19%;-5.05%;-84.95%;-93.82%
Pacific Bay Minerals Ltd.;PBM;-8.00%;-19.95%;-94.49%;-94.50%;-93.96%;-93.96%
Osisko Metals Incorporated;OM;-21.04%;55.56%;-36.81%;-83.23%;-92.89%;-94.00%
Sage Potash Corp.;SAGE;-0.92%;-16.60%;-48.52%;-80.59%;-81.28%;-94.11%
Kore Mining Ltd.;KORE;-19.85%;-31.15%;-10.50%;-55.62%;-94.59%;-94.71%
Datametrex AI Limited;DM;17.49%;-41.94%;-29.00%;-76.22%;-96.02%;-94.89%
Inomin Mines Inc.;MINE;0.00%;0.00%;0.00%;0.00%;-98.33%;-95.00%
Topicus.com Inc.;TOI;-23.50%;-63.98%;-76.87%;-32.17%;-95.97%;-95.80%
Power Metals Corp.;PWM;-0.62%;-24.29%;-67.55%;-95.84%;-95.84%;-95.84%
Outcrop Silver & Gold Corporation;OCG;-2.59%;13.91%;10.78%;-62.33%;-95.02%;-96.23%
Japan Gold Corp.;JG;0.63%;5.65%;61.42%;-30.87%;-94.52%;-97.01%
Kalo Gold Corp.;KALO;0.00%;0.00%;0.00%;0.00%;-98.50%;-98.12%
Till Capital Corporation;TIL;-8.36%;-7.94%;41.87%;-8.02%;-97.36%;-98.14%
Thunderbird Minerals Corp.;BIRD;-6.73%;-19.17%;-52.52%;-57.84%;-98.18%;-98.18%
Canadian Gold Corp.;CGC;-6.59%;-9.68%;47.71%;17.58%;-96.97%;-98.23%
Andean Precious Metals Corp.;APM;4.90%;-20.49%;123.88%;59.57%;-86.24%;-98.25%
E-Tech Resources Inc.;REE;-2.86%;10.27%;-14.82%;-66.00%;-98.64%;-98.68%
Blue Thunder Mining Inc.;BLUE;-8.08%;-4.21%;-31.06%;-74.07%;-95.76%;-98.83%
Pacific Empire Minerals Corp.;PEMC;0.00%;0.00%;0.00%;0.00%;-99.69%;-99.00%
Wishpond Technologies Ltd.;WISH;4.44%;-3.58%;2.36%;-27.28%;-98.60%;-99.06%
KWESST Micro Systems Inc.;KWE;-29.04%;-30.00%;-38.63%;-84.40%;-98.88%;-99.30%
Genix Pharmaceuticals Corporation;GENX;0.00%;0.00%;0.00%;0.00%;-99.24%;-99.33%
XORTX Therapeutics Inc.;XRTX;8.75%;-23.33%;1.77%;-95.88%;-99.43%;-99.43%
Galore Resources Inc;GRI;-9.90%;-50.84%;-92.02%;-99.46%;-99.62%;-99.62%
Astra Exploration Inc.;ASTR;-8.93%;-20.31%;-60.47%;-91.77%;-99.70%;-99.66%
Arctic Star Exploration Corp.;ADD;-4.35%;-4.35%;-54.17%;-83.33%;-99.49%;-99.84%
Lithium Chile Inc.;LITH;0.00%;0.00%;0.00%;-20.00%;-98.40%;-99.87%
Giga Metals Corporation;GIGA;-10.00%;-47.06%;-30.77%;-67.86%;-97.35%;-99.87%
Cytophage Technologies Ltd.;CYTO;-3.10%;-10.71%;-53.70%;-91.46%;-99.91%;-99.89%
Niobay Metals Inc.;NBY;-19.30%;-6.12%;-75.66%;-91.12%;-99.74%;-99.90%
Spectra7 Microsystems Inc.;SEV;866.67%;-27.50%;752.94%;-90.33%;-99.92%;-99.92%
Hempalta Corp.;HEMP;0.00%;-80.00%;-90.00%;-90.00%;-99.86%;-99.95%
Delta Resources Limited;DLTA;0.00%;-99.00%;0.00%;-99.00%;-99.00%;-99.98%
Palisades Goldcorp Ltd.;PALI;5.16%;-4.87%;-46.09%;-81.93%;-99.85%;-99.99%
Canadabis Capital Inc.;CANB;-5.88%;-54.29%;-48.39%;-95.63%;-99.77%;-99.99%
Coelacanth Energy Inc.;CEI;-20.00%;-29.41%;-45.45%;-87.23%;-99.65%;-100.00%
